Rivi,Quaife,Female,79.119.154.130,08/10/1988,rquaife0,"lF9(""jT$`4"
Ferdy,Mannakee,Genderfluid,148.169.172.44,13/05/1983,fmannakee1,aW3@Gw(=
Sadye,Creelman,Female,217.130.60.148,16/07/1987,screelman2,nD8`mE!Ls+=ib~o2
Saundra,Eeles,Female,65.177.159.253,10/01/1988,seeles3,oP4)V4CeyM
Arlana,Licciardo,Female,30.90.74.52,17/08/1994,alicciardo4,"aO5`_1u,|8CA1#"
Lynda,Hadenton,Female,212.10.103.117,25/12/1982,lhadenton5,eN6/I\mBY
Colin,Taylerson,Male,147.105.165.111,18/09/1998,ctaylerson6,cR2<kw..
Benita,Preshous,Female,59.14.239.179,30/10/1994,bpreshous7,kD7`$k(%%ao$4
Gizela,Rohloff,Female,129.13.138.151,30/12/1993,grohloff8,"dI2#6,cJk`K"
Gerhard,McPhillips,Genderqueer,229.171.67.168,25/10/1992,gmcphillips9,"qD4,61dY#=""s|nYi"
Elisabeth,Petrichat,Female,84.28.64.61,20/01/1994,epetrichata,bA7.srl){p}
Shela,Brozek,Agender,199.123.65.217,16/08/1991,sbrozekb,"dO7,n~P8"
Gallard,Addams,Male,227.190.151.138,04/06/1993,gaddamsc,"dO2%=Od,y"
Bogey,Stannett,Male,72.184.103.160,02/06/1983,bstannettd,"yL0(\mo5AT,~6&"
Barnaby,Bagnold,Male,103.80.128.153,20/02/1988,bbagnolde,gC4)St!\ja'qVh
Nedda,Hubeaux,Female,174.207.202.103,30/09/1980,nhubeauxf,"jR0),IiA"
Dunstan,Mintoff,Bigender,9.21.16.99,06/08/1999,dmintoffg,pO7%(Th~$%
Oran,Simonard,Male,84.187.200.181,01/05/1991,osimonardh,"dC7,&w!+aStSv1"
Dino,Allibon,Male,245.171.8.148,09/09/1999,dalliboni,"cO2""S==)"
Mac,Laminman,Genderqueer,18.213.10.29,07/09/1982,mlaminmanj,aP3|aWLNvU!lv/WT
